scale_key,noise_scale,E_total_mean,E_total_std,E_policy_mean,E_policy_std,ASR_mean,ASR_std,wASR_mean,wASR_std,LMI_full_mean,LMI_full_std,LMI_policy_mean,LMI_policy_std,wLMI_full_mean,wLMI_full_std,wLMI_policy_mean,wLMI_policy_std,LMI_reduction_mean,LMI_reduction_std,wLMI_reduction_mean,wLMI_reduction_std,FB_mean,FB_std,FBR_mean,FBR_std,PCR_mean,PCR_std
large,0.0,874.0,1.7321,874.0,1.7321,0.0,0.0,0.0,0.0,0.0023,0.0,0.0023,0.0,0.0045,0.0,0.0045,0.0,0.0,0.0,0.0,0.0,0.0,0.0,0.0,0.0,1.0,0.0
large,1.0,1263.6667,12.0139,1191.3333,12.6623,0.0572,0.0072,0.0551,0.0059,0.0036,0.0004,0.003,0.0001,0.0067,0.0006,0.0057,0.0002,0.1632,0.0553,0.1449,0.0479,15.0,2.6458,0.0172,0.003,0.9428,0.0072
large,2.0,1849.3333,13.3167,1666.0,22.7156,0.0991,0.0096,0.0891,0.0086,0.0235,0.0006,0.0062,0.0009,0.0399,0.0013,0.0112,0.0015,0.7352,0.0456,0.7194,0.0451,12.6667,5.1316,0.0145,0.0059,0.9009,0.0096
large,3.0,2178.3333,25.8908,1817.0,29.6142,0.1658,0.0188,0.1434,0.0198,0.0431,0.0058,0.0077,0.0009,0.0722,0.0095,0.0137,0.0014,0.8189,0.0306,0.8075,0.0309,26.3333,9.0738,0.0302,0.0104,0.8342,0.0188
large,4.0,2551.0,20.2978,1989.3333,44.2305,0.2201,0.0229,0.1844,0.022,0.0593,0.0028,0.0093,0.0006,0.0998,0.005,0.0164,0.0009,0.8432,0.0151,0.8353,0.0151,56.6667,6.5064,0.0648,0.0076,0.7799,0.0229
large,5.0,2907.6667,40.4269,2075.0,14.1067,0.2862,0.0142,0.2358,0.0128,0.0786,0.0062,0.0089,0.0005,0.1305,0.0102,0.0158,0.0008,0.8865,0.006,0.8788,0.0058,102.3333,14.7422,0.1171,0.0167,0.7138,0.0142
medium,0.0,287.0,0.0,287.0,0.0,0.0,0.0,0.0,0.0,0.0075,0.0,0.0075,0.0,0.0147,0.0,0.0147,0.0,0.0,0.0,0.0,0.0,0.0,0.0,0.0,0.0,1.0,0.0
medium,1.0,328.0,6.0828,304.6667,4.1633,0.0711,0.0052,0.0787,0.0027,0.0081,0.0001,0.0079,0.0002,0.0156,0.0002,0.0154,0.0002,0.0201,0.0031,0.0156,0.0012,0.6667,1.1547,0.0023,0.004,0.9289,0.0052
medium,2.0,407.6667,4.6188,341.6667,3.5119,0.1618,0.0176,0.1554,0.0223,0.0173,0.0017,0.01,0.0011,0.0302,0.0026,0.0187,0.0016,0.4199,0.0722,0.3791,0.0655,6.0,2.6458,0.0209,0.0093,0.8382,0.0176
medium,3.0,491.3333,10.9697,354.3333,9.2916,0.2789,0.0034,0.2505,0.0114,0.032,0.0095,0.0107,0.0011,0.0515,0.0147,0.0197,0.0017,0.6485,0.09,0.5994,0.0998,10.0,1.0,0.0348,0.0035,0.7211,0.0034
medium,4.0,559.0,21.0,346.6667,10.5987,0.379,0.0386,0.3367,0.0383,0.0257,0.0045,0.0095,0.0006,0.0418,0.0071,0.0176,0.0009,0.6219,0.0773,0.5691,0.0812,17.0,4.3589,0.0592,0.0152,0.621,0.0386
medium,5.0,649.6667,21.1266,341.3333,9.815,0.4739,0.0311,0.4194,0.0409,0.0509,0.0145,0.0091,0.0008,0.0756,0.0219,0.017,0.001,0.8091,0.0663,0.76,0.0824,22.3333,14.6401,0.0778,0.051,0.5261,0.0311
small,0.0,25.0,0.0,25.0,0.0,0.0,0.0,0.0,0.0,0.0548,0.0,0.0548,0.0,0.0866,0.0,0.0866,0.0,0.0,0.0,0.0,0.0,0.0,0.0,0.0,0.0,1.0,0.0
small,1.0,37.6667,4.5092,32.6667,2.5166,0.1297,0.0379,0.1367,0.0543,0.0807,0.0191,0.0778,0.0164,0.1255,0.0307,0.1224,0.0271,0.032,0.0316,0.0214,0.0234,0.0,0.0,0.0,0.0,0.8703,0.0379
small,2.0,58.0,5.0,42.3333,2.3094,0.2666,0.0716,0.2736,0.0656,0.1688,0.0116,0.133,0.0158,0.2534,0.013,0.2085,0.0211,0.2073,0.1303,0.1747,0.1038,1.6667,0.5774,0.0667,0.0231,0.7334,0.0716
small,3.0,77.0,1.0,59.3333,2.5166,0.2296,0.0227,0.2373,0.0255,0.2158,0.0379,0.1681,0.0171,0.3097,0.0462,0.2515,0.0245,0.2129,0.0742,0.1831,0.0543,2.6667,2.3094,0.1067,0.0924,0.7704,0.0227
small,4.0,87.6667,5.8595,62.6667,2.0817,0.2838,0.0332,0.2697,0.0208,0.3061,0.0643,0.129,0.0029,0.4129,0.0823,0.191,0.0031,0.5665,0.086,0.5251,0.0912,0.6667,0.5774,0.0267,0.0231,0.7162,0.0332
small,5.0,99.3333,8.0208,68.6667,4.0415,0.3078,0.0192,0.2821,0.0153,0.3548,0.0589,0.1391,0.0136,0.4672,0.0694,0.2034,0.018,0.6018,0.0646,0.5592,0.062,1.6667,2.0817,0.0667,0.0833,0.6922,0.0192
